id,Prediction
1,A C E
2,B C E
3,B E D
4,E B C
5,C B A
6,C D B
7,A B C
8,E A D
9,C A B
10,B E C
11,B A E
12,D C E
13,C E A
14,C D E
15,E C A
16,D C B
17,E C D
18,B E C
19,A B E
20,D C B
21,B A E
22,D C E
23,D A E
24,E B D
25,E D C
26,A C B
27,E C D
28,C E A
29,D E C
30,A B D
31,E C B
32,B D C
33,D E C
34,B D A
35,D C B
36,B A E
37,C B D
38,C A E
39,D E C
40,C A E
41,A D C
42,E A B
43,B A D
44,A B E
45,D C E
46,B E C
47,D E A
48,A B C
49,B A C
50,E A C
51,D A B
52,A D E
53,C D A
54,A B D
55,B D E
56,B E C
57,E C B
58,A B D
59,A B C
60,C E B
61,C D E
62,A B D
63,A B C
64,E B D
65,E C D
66,D B A
67,C E B
68,C A E
69,D A B
70,C E B
71,C B D
72,D E A
73,A C E
74,D C B
75,A C D
76,A B D
77,A E D
78,D A C
79,E D B
80,A C D
81,A B C
82,B D E
83,D A B
84,B A C
85,E C D
86,B C A
87,B A C
88,E A C
89,E A C
90,C B D
91,B D E
92,B A D
93,C D E
94,D E C
95,E C A
96,E B C
97,D B A
98,C B D
99,C E A
100,D E C
101,E B D
102,D A B
103,E B D
104,D C E
105,D B C
106,C A D
107,C D B
108,D B A
109,E A D
110,E A D
111,D B C
112,D C E
113,E D A
114,E A B
115,A B E
116,A D B
117,C D A
118,C B E
119,C E B
120,E C B
121,D C E
122,A D E
123,A D C
124,A D B
125,D E C
126,D B A
127,C A E
128,B E A
129,B C E
130,D E A
131,D A C
132,B E C
133,A E D
134,E D A
135,C D B
136,C D B
137,D A E
138,A E D
139,A E B
140,E A C
141,C A D
142,C E D
143,D E C
144,E B D
145,D B C
146,B A D
147,B A C
148,A E D
149,D C A
150,D B A
151,E A C
152,B C E
153,A E D
154,A C B
155,D C E
156,A D E
157,A C D
158,E D C
159,C B E
160,B D E
161,C A E
162,E D B
163,E C B
164,E B C
165,A B D
166,E C A
167,C A E
168,D E B
169,B A E
170,A D C
171,A D C
172,C E A
173,C A D
174,D B E
175,A D B
176,E C D
177,B E C
178,A C B
179,C A B
180,A B C
181,E B D
182,C A B
183,B C E
184,B E C
185,B E C
186,C E D
187,D A B
188,E C B
189,C B D
190,A E B
191,D C A
192,C E A
193,D C B
194,E D C
195,D C E
196,B D E
197,B C E
198,E B C
199,A C E
200,C B E
201,E B D
202,A D C
203,E B C
204,D A C
205,B D E
206,C A E
207,A D C
208,D B E
209,D C A
210,A B D
211,D E C
212,A C D
213,A C B
214,E C B
215,C A E
216,E C A
217,B C A
218,C D B
219,B E A
220,D B A
221,B A D
222,D E C
223,E D A
224,B C D
225,A B E
226,B A C
227,D A C
228,B E C
229,A B D
230,A E B
231,D A B
232,C E A
233,C E B
234,A D C
235,B D A
236,B E C
237,A E C
238,E A B
239,B A D
240,D E C
241,E C D
242,A B D
243,D A B
244,E B D
245,C A D
246,B E D
247,E A B
248,E D C
249,E A B
250,C D E
251,A E D
252,B A C
253,B A C
254,D C B
255,A D E
256,E A C
257,E B D
258,C A D
259,C A B
260,D C A
261,E B C
262,A B C
263,E C B
264,E D B
265,A B E
266,A B D
267,D E A
268,D E A
269,B C D
270,D E A
271,C D A
272,C E B
273,D B E
274,A E B
275,E A B
276,B A C
277,E D C
278,C D B
279,C D A
280,D E C
281,D A E
282,A D B
283,A D E
284,B E C
285,E C A
286,A B D
287,B E A
288,E C B
289,E B D
290,A B E
291,B A C
292,C D E
293,C D E
294,E A C
295,C B E
296,C B E
297,D A C
298,D C B
299,D C B
300,E A D
301,E A D
302,C D B
303,B E C
304,C D E
305,E A D
306,A B D
307,D B A
308,C D B
309,E C D
310,A D B
311,A E D
312,C D E
313,C D E
314,A B E
315,A D E
316,D E C
317,C A B
318,D E A
319,C A D
320,B C E
321,B D C
322,C D E
323,A B E
324,A D E
325,E C A
326,E C B
327,D C B
328,B D C
329,C D E
330,B C E
331,B A C
332,E C A
333,B A D
334,D B A
335,D A B
336,B E C
337,E C D
338,D E C
339,D E B
340,C E B
341,D B C
342,B E C
343,B D A
344,B A E
345,A C D
346,C D E
347,D C E
348,A E C
349,B C D
350,A D B
351,D E B
352,B C E
353,D C A
354,E D A
355,B D E
356,D E C
357,E D C
358,E D A
359,C E D
360,E B A
361,B A D
362,B D C
363,C D B
364,B D A
365,C E A
366,A E D
367,E D A
368,C E B
369,E A D
370,D A B
371,D C B
372,C A E
373,C B D
374,C E A
375,C D B
376,D B A
377,C A D
378,A B E
379,C E D
380,E B C
381,E B D
382,A D B
383,B A C
384,B E C
385,A B C
386,A B D
387,B D C
388,A B E
389,C D B
390,E A B
391,B C E
392,C B A
393,C A E
394,B D E
395,A D B
396,A D C
397,E C A
398,E D A
399,D C E
400,E C B
401,D C B
402,E D C
403,C B E
404,B A D
405,C D A
406,B E C
407,B E D
408,C A D
409,C E B
410,C D E
411,E C D
412,D C B
413,E C A
414,C A B
415,E C D
416,C A B
417,D B A
418,D E B
419,C D E
420,A E C
421,A D E
422,C E A
423,A D C
424,B A D
425,C A B
426,C A E
427,D E C
428,E C B
429,D B A
430,D C B
431,A C D
432,B E A
433,D E A
434,C E D
435,C E A
436,D E A
437,E B D
438,E C A
439,E D C
440,B D A
441,E A C
442,E D C
443,E C A
444,B C D
445,E D B
446,B D E
447,A C B
448,E B D
449,B D E
450,E C A
451,D A E
452,D C A
453,A D C
454,B D C
455,A C D
456,C B D
457,D B A
458,A B E
459,A D C
460,A E C
461,C A B
462,D A C
463,E D A
464,E C D
465,E B C
466,D B C
467,D B A
468,D B A
469,C B D
470,A D B
471,C E A
472,A D C
473,C B E
474,E B D
475,E A C
476,A B D
477,C B E
478,B A C
479,B A E
480,B D E
481,A D B
482,D A B
483,A D C
484,D C A
485,C D B
486,B A D
487,A D B
488,A C E
489,B A E
490,E D A
491,A E B
492,D B A
493,D C B
494,D B C
495,C A E
496,A D B
497,C A D
498,D A B
499,D B A
500,A B E
